0,1,0.0,0.0,-0.14583333333333334,-0.15104166666666666,-0.22916666666666666,-0.3645833333333333,-0.19791666666666666,-0.5572916666666666,-0.11458333333333333,-0.6875,-0.22916666666666666,-0.515625,-0.2916666666666667,-0.7395833333333334,-0.3229166666666667,-0.8697916666666666,-0.328125,-1.0,-0.09895833333333333,-0.4947916666666667,-0.09895833333333333,-0.640625,-0.11979166666666667,-0.4791666666666667,-0.10416666666666667,-0.4010416666666667,0.026041666666666668,-0.453125,0.0,-0.5520833333333334,-0.03125,-0.390625,-0.015625,-0.3333333333333333,0.140625,-0.3958333333333333,0.08333333333333333,-0.4635416666666667,0.052083333333333336,-0.34375,0.07291666666666667,-0.3020833333333333
1,1,0.0,0.0,-0.14507772020725387,-0.15025906735751296,-0.22279792746113988,-0.35751295336787564,-0.19689119170984457,-0.5440414507772021,-0.12435233160621761,-0.6735751295336787,-0.22279792746113988,-0.5077720207253886,-0.2849740932642487,-0.7305699481865285,-0.32124352331606215,-0.8704663212435233,-0.32642487046632124,-1.0,-0.09326424870466321,-0.49740932642487046,-0.10362694300518134,-0.6424870466321243,-0.11398963730569948,-0.48704663212435234,-0.09844559585492228,-0.40414507772020725,0.025906735751295335,-0.45595854922279794,-0.0051813471502590676,-0.5544041450777202,-0.03626943005181347,-0.39896373056994816,-0.015544041450777202,-0.34196891191709844,0.14507772020725387,-0.39896373056994816,0.07772020725388601,-0.47150259067357514,0.046632124352331605,-0.35751295336787564,0.06735751295336788,-0.3160621761658031
2,1,0.0,0.0,-0.15104166666666666,-0.14583333333333334,-0.23958333333333334,-0.3541666666666667,-0.21875,-0.5416666666666666,-0.15104166666666666,-0.6770833333333334,-0.24479166666666666,-0.515625,-0.3125,-0.734375,-0.3541666666666667,-0.8697916666666666,-0.3645833333333333,-1.0,-0.11458333333333333,-0.5052083333333334,-0.13020833333333334,-0.6666666666666666,-0.14583333333333334,-0.5052083333333334,-0.13020833333333334,-0.40625,0.015625,-0.4635416666666667,-0.020833333333333332,-0.5729166666666666,-0.046875,-0.4010416666666667,-0.036458333333333336,-0.3229166666666667,0.13020833333333334,-0.4010416666666667,0.07291666666666667,-0.4739583333333333,0.036458333333333336,-0.3541666666666667,0.052083333333333336,-0.3020833333333333
3,1,0.0,0.0,-0.15425531914893617,-0.15425531914893617,-0.2393617021276596,-0.3670212765957447,-0.2074468085106383,-0.5585106382978723,-0.1276595744680851,-0.6861702127659575,-0.24468085106382978,-0.5106382978723404,-0.31382978723404253,-0.7393617021276596,-0.34574468085106386,-0.8723404255319149,-0.35106382978723405,-1.0,-0.11170212765957446,-0.5,-0.11170212765957446,-0.6436170212765957,-0.12234042553191489,-0.4787234042553192,-0.11170212765957446,-0.39361702127659576,0.015957446808510637,-0.4574468085106383,-0.010638297872340425,-0.5585106382978723,-0.03723404255319149,-0.39361702127659576,-0.02127659574468085,-0.32978723404255317,0.13297872340425532,-0.39893617021276595,0.0797872340425532,-0.46808510638297873,0.047872340425531915,-0.35106382978723405,0.06382978723404255,-0.30319148936170215
4,1,0.0,0.0,-0.14893617021276595,-0.1595744680851064,-0.23404255319148937,-0.3723404255319149,-0.20212765957446807,-0.5585106382978723,-0.12234042553191489,-0.6861702127659575,-0.2393617021276596,-0.5212765957446809,-0.30319148936170215,-0.7446808510638298,-0.3351063829787234,-0.8776595744680851,-0.3404255319148936,-1.0,-0.10638297872340426,-0.5106382978723404,-0.11170212765957446,-0.6595744680851063,-0.12234042553191489,-0.5106382978723404,-0.11170212765957446,-0.4148936170212766,0.015957446808510637,-0.46808510638297873,-0.010638297872340425,-0.5691489361702128,-0.0425531914893617,-0.4148936170212766,-0.026595744680851064,-0.34574468085106386,0.13297872340425532,-0.40425531914893614,0.07446808510638298,-0.48404255319148937,0.03723404255319149,-0.3723404255319149,0.05319148936170213,-0.324468085106383
5,1,0.0,0.0,-0.13541666666666666,-0.15625,-0.21354166666666666,-0.3645833333333333,-0.1875,-0.5416666666666666,-0.109375,-0.6770833333333334,-0.22395833333333334,-0.5208333333333334,-0.2864583333333333,-0.7395833333333334,-0.3177083333333333,-0.875,-0.3229166666666667,-1.0,-0.09375,-0.5052083333333334,-0.09375,-0.6614583333333334,-0.11458333333333333,-0.5104166666666666,-0.10416666666666667,-0.4114583333333333,0.026041666666666668,-0.4635416666666667,0.0,-0.5625,-0.026041666666666668,-0.40625,-0.015625,-0.3333333333333333,0.140625,-0.3958333333333333,0.08854166666666667,-0.4739583333333333,0.057291666666666664,-0.3645833333333333,0.06770833333333333,-0.3125
6,1,0.0,0.0,-0.16145833333333334,-0.140625,-0.2552083333333333,-0.34375,-0.234375,-0.5416666666666666,-0.16666666666666666,-0.6822916666666666,-0.25,-0.5052083333333334,-0.3229166666666667,-0.7291666666666666,-0.3645833333333333,-0.8697916666666666,-0.375,-1.0,-0.11979166666666667,-0.5,-0.125,-0.6614583333333334,-0.140625,-0.5104166666666666,-0.13020833333333334,-0.40625,0.005208333333333333,-0.4635416666666667,-0.026041666666666668,-0.5833333333333334,-0.052083333333333336,-0.4270833333333333,-0.046875,-0.34375,0.11979166666666667,-0.40625,0.0625,-0.484375,0.03125,-0.3697916666666667,0.046875,-0.3125
7,1,0.0,0.0,-0.15625,-0.15104166666666666,-0.24479166666666666,-0.3645833333333333,-0.234375,-0.5572916666666666,-0.171875,-0.6927083333333334,-0.25,-0.5104166666666666,-0.328125,-0.734375,-0.3645833333333333,-0.875,-0.3802083333333333,-1.0,-0.125,-0.5052083333333334,-0.13541666666666666,-0.6666666666666666,-0.14583333333333334,-0.5208333333333334,-0.13541666666666666,-0.4166666666666667,0.0,-0.46875,-0.03125,-0.5885416666666666,-0.057291666666666664,-0.4270833333333333,-0.052083333333333336,-0.3385416666666667,0.11979166666666667,-0.4166666666666667,0.0625,-0.4947916666666667,0.026041666666666668,-0.3802083333333333,0.036458333333333336,-0.3177083333333333
8,1,0.0,0.0,-0.16489361702127658,-0.14361702127659576,-0.2553191489361702,-0.35638297872340424,-0.23404255319148937,-0.5531914893617021,-0.1702127659574468,-0.6914893617021277,-0.2553191489361702,-0.5106382978723404,-0.32978723404255317,-0.7340425531914894,-0.3723404255319149,-0.8723404255319149,-0.3882978723404255,-1.0,-0.12234042553191489,-0.5053191489361702,-0.13829787234042554,-0.6702127659574468,-0.14893617021276595,-0.5106382978723404,-0.13297872340425532,-0.40425531914893614,0.005319148936170213,-0.46808510638297873,-0.031914893617021274,-0.5797872340425532,-0.05319148936170213,-0.4095744680851064,-0.0425531914893617,-0.32978723404255317,0.12234042553191489,-0.4095744680851064,0.06382978723404255,-0.4787234042553192,0.031914893617021274,-0.3617021276595745,0.047872340425531915,-0.30851063829787234
9,1,0.0,0.0,-0.15873015873015872,-0.14285714285714285,-0.25396825396825395,-0.3492063492063492,-0.23809523809523808,-0.544973544973545,-0.1746031746031746,-0.6878306878306878,-0.26455026455026454,-0.5026455026455027,-0.3386243386243386,-0.7301587301587301,-0.38095238095238093,-0.8677248677248677,-0.3968253968253968,-1.0,-0.13227513227513227,-0.4973544973544973,-0.14285714285714285,-0.656084656084656,-0.15343915343915343,-0.4973544973544973,-0.13756613756613756,-0.4021164021164021,-0.005291005291005291,-0.4656084656084656,-0.031746031746031744,-0.5714285714285714,-0.0582010582010582,-0.4074074074074074,-0.047619047619047616,-0.3333333333333333,0.1111111111111111,-0.4126984126984127,0.0582010582010582,-0.48677248677248675,0.026455026455026454,-0.36507936507936506,0.037037037037037035,-0.30687830687830686
10,1,0.0,0.0,-0.14814814814814814,-0.15343915343915343,-0.2328042328042328,-0.36507936507936506,-0.20634920634920634,-0.544973544973545,-0.13756613756613756,-0.6825396825396826,-0.25396825396825395,-0.5185185185185185,-0.32275132275132273,-0.7407407407407407,-0.3544973544973545,-0.8783068783068783,-0.36507936507936506,-1.0,-0.12169312169312169,-0.5079365079365079,-0.1164021164021164,-0.656084656084656,-0.12169312169312169,-0.5079365079365079,-0.1111111111111111,-0.4074074074074074,0.010582010582010581,-0.4708994708994709,-0.015873015873015872,-0.5555555555555556,-0.037037037037037035,-0.4074074074074074,-0.021164021164021163,-0.3386243386243386,0.12698412698412698,-0.4074074074074074,0.07407407407407407,-0.4708994708994709,0.047619047619047616,-0.35978835978835977,0.0582010582010582,-0.31216931216931215
11,1,0.0,0.0,-0.14736842105263157,-0.1631578947368421,-0.22631578947368422,-0.3736842105263158,-0.19473684210526315,-0.5578947368421052,-0.11578947368421053,-0.6894736842105263,-0.24736842105263157,-0.5105263157894737,-0.30526315789473685,-0.7368421052631579,-0.33157894736842103,-0.8736842105263158,-0.3368421052631579,-1.0,-0.11052631578947368,-0.5,-0.11052631578947368,-0.6526315789473685,-0.12105263157894737,-0.5,-0.11052631578947368,-0.39473684210526316,0.010526315789473684,-0.4631578947368421,-0.005263157894736842,-0.5631578947368421,-0.031578947368421054,-0.4052631578947368,-0.015789473684210527,-0.3368421052631579,0.12631578947368421,-0.4105263157894737,0.07894736842105263,-0.4842105263157895,0.04736842105263158,-0.3736842105263158,0.05789473684210526,-0.32105263157894737
12,1,0.0,0.0,-0.14210526315789473,-0.15789473684210525,-0.21578947368421053,-0.3736842105263158,-0.16842105263157894,-0.5578947368421052,-0.07894736842105263,-0.6789473684210526,-0.22631578947368422,-0.5157894736842106,-0.2789473684210526,-0.7421052631578947,-0.30526315789473685,-0.8736842105263158,-0.30526315789473685,-1.0,-0.08947368421052632,-0.5,-0.08421052631578947,-0.6473684210526316,-0.10526315789473684,-0.4789473684210526,-0.09473684210526316,-0.3894736842105263,0.03684210526315789,-0.45789473684210524,0.015789473684210527,-0.5578947368421052,-0.015789473684210527,-0.3894736842105263,0.0,-0.3368421052631579,0.15263157894736842,-0.39473684210526316,0.10526315789473684,-0.46842105263157896,0.06842105263157895,-0.3526315789473684,0.08421052631578947,-0.3157894736842105
13,1,0.0,0.0,-0.1276595744680851,-0.1595744680851064,-0.19148936170212766,-0.3829787234042553,-0.14361702127659576,-0.5638297872340425,-0.06382978723404255,-0.6808510638297872,-0.23404255319148937,-0.5212765957446809,-0.2712765957446808,-0.75,-0.2872340425531915,-0.8829787234042553,-0.2925531914893617,-1.0,-0.09574468085106383,-0.5,-0.06382978723404255,-0.6595744680851063,-0.0797872340425532,-0.5106382978723404,-0.09042553191489362,-0.39361702127659576,0.03723404255319149,-0.4521276595744681,0.03723404255319149,-0.5478723404255319,0.010638297872340425,-0.39361702127659576,0.0,-0.30851063829787234,0.14893617021276595,-0.3829787234042553,0.1276595744680851,-0.4627659574468085,0.09574468085106383,-0.35106382978723405,0.09042553191489362,-0.2872340425531915
14,1,0.0,0.0,-0.13020833333333334,-0.171875,-0.1875,-0.390625,-0.11979166666666667,-0.5677083333333334,-0.036458333333333336,-0.671875,-0.21875,-0.515625,-0.25,-0.7447916666666666,-0.2604166666666667,-0.875,-0.2604166666666667,-1.0,-0.08333333333333333,-0.4895833333333333,-0.046875,-0.640625,-0.07291666666666667,-0.4895833333333333,-0.08854166666666667,-0.3802083333333333,0.046875,-0.4427083333333333,0.052083333333333336,-0.5416666666666666,0.015625,-0.3854166666666667,0.005208333333333333,-0.3072916666666667,0.15104166666666666,-0.3697916666666667,0.13020833333333334,-0.453125,0.09375,-0.3385416666666667,0.08854166666666667,-0.28125
15,1,0.0,0.0,-0.13131313131313133,-0.15656565656565657,-0.18686868686868688,-0.37373737373737376,-0.13131313131313133,-0.5505050505050505,-0.03535353535353535,-0.6565656565656566,-0.1919191919191919,-0.5202020202020202,-0.23232323232323232,-0.7474747474747475,-0.2474747474747475,-0.8787878787878788,-0.23737373737373738,-1.0,-0.06060606060606061,-0.4898989898989899,-0.04040404040404041,-0.6313131313131313,-0.0707070707070707,-0.4797979797979798,-0.0707070707070707,-0.3838383838383838,0.06060606060606061,-0.43434343434343436,0.050505050505050504,-0.5252525252525253,0.005050505050505051,-0.37373737373737376,0.010101010101010102,-0.31313131313131315,0.16666666666666666,-0.36363636363636365,0.13131313131313133,-0.4292929292929293,0.08585858585858586,-0.3181818181818182,0.09595959595959595,-0.2828282828282828
16,1,0.0,0.0,-0.13366336633663367,-0.15346534653465346,-0.20297029702970298,-0.3564356435643564,-0.16336633663366337,-0.5198019801980198,-0.07920792079207921,-0.6336633663366337,-0.18811881188118812,-0.5099009900990099,-0.2376237623762376,-0.7376237623762376,-0.25742574257425743,-0.8762376237623762,-0.25742574257425743,-1.0,-0.06435643564356436,-0.48514851485148514,-0.054455445544554455,-0.6386138613861386,-0.07920792079207921,-0.49504950495049505,-0.07920792079207921,-0.38613861386138615,0.04950495049504951,-0.4306930693069307,0.0297029702970297,-0.5247524752475248,-0.0049504950495049506,-0.3811881188118812,0.0,-0.3118811881188119,0.15841584158415842,-0.3613861386138614,0.11386138613861387,-0.43564356435643564,0.07425742574257425,-0.3316831683168317,0.08415841584158416,-0.2871287128712871
17,1,0.0,0.0,-0.15841584158415842,-0.12376237623762376,-0.25742574257425743,-0.3316831683168317,-0.23267326732673269,-0.5198019801980198,-0.16831683168316833,-0.6435643564356436,-0.22772277227722773,-0.49504950495049505,-0.31683168316831684,-0.7326732673267327,-0.3613861386138614,-0.8712871287128713,-0.3712871287128713,-1.0,-0.10891089108910891,-0.48514851485148514,-0.1188118811881188,-0.6386138613861386,-0.13366336633663367,-0.4801980198019802,-0.11386138613861387,-0.3811881188118812,0.009900990099009901,-0.4504950495049505,-0.024752475247524754,-0.5643564356435643,-0.054455445544554455,-0.400990099009901,-0.039603960396039604,-0.3217821782178218,0.12871287128712872,-0.3910891089108911,0.07425742574257425,-0.4752475247524752,0.034653465346534656,-0.3613861386138614,0.04455445544554455,-0.30198019801980197
18,1,0.0,0.0,-0.1658291457286432,-0.10050251256281408,-0.2964824120603015,-0.3015075376884422,-0.2914572864321608,-0.49748743718592964,-0.24120603015075376,-0.6331658291457286,-0.27638190954773867,-0.49748743718592964,-0.3768844221105528,-0.7286432160804021,-0.4321608040201005,-0.864321608040201,-0.457286432160804,-1.0,-0.1457286432160804,-0.49748743718592964,-0.19597989949748743,-0.628140703517588,-0.19095477386934673,-0.44221105527638194,-0.1658291457286432,-0.35175879396984927,-0.020100502512562814,-0.46733668341708545,-0.07537688442211055,-0.542713567839196,-0.08542713567839195,-0.35678391959798994,-0.06532663316582915,-0.2914572864321608,0.10552763819095477,-0.41708542713567837,0.035175879396984924,-0.4723618090452261,0.005025125628140704,-0.33668341708542715,0.02512562814070352,-0.2864321608040201
19,1,0.0,0.0,-0.17525773195876287,-0.10309278350515463,-0.30412371134020616,-0.29896907216494845,-0.29896907216494845,-0.4948453608247423,-0.2422680412371134,-0.6237113402061856,-0.28865979381443296,-0.4948453608247423,-0.3917525773195876,-0.7268041237113402,-0.4536082474226804,-0.865979381443299,-0.4845360824742268,-1.0,-0.15979381443298968,-0.5,-0.20618556701030927,-0.634020618556701,-0.20618556701030927,-0.4536082474226804,-0.17525773195876287,-0.3556701030927835,-0.030927835051546393,-0.4690721649484536,-0.08247422680412371,-0.5515463917525774,-0.09278350515463918,-0.3711340206185567,-0.07731958762886598,-0.29381443298969073,0.0979381443298969,-0.4175257731958763,0.030927835051546393,-0.4793814432989691,0.005154639175257732,-0.35051546391752575,0.015463917525773196,-0.29381443298969073
20,1,0.0,0.0,-0.17098445595854922,-0.10362694300518134,-0.3005181347150259,-0.3005181347150259,-0.3005181347150259,-0.49740932642487046,-0.24870466321243523,-0.6321243523316062,-0.29533678756476683,-0.49222797927461137,-0.39896373056994816,-0.7202072538860104,-0.45595854922279794,-0.8601036269430051,-0.48186528497409326,-1.0,-0.16580310880829016,-0.49222797927461137,-0.20207253886010362,-0.6269430051813472,-0.19689119170984457,-0.44559585492227977,-0.16580310880829016,-0.3626943005181347,-0.03626943005181347,-0.46632124352331605,-0.07772020725388601,-0.5595854922279793,-0.09326424870466321,-0.37305699481865284,-0.07253886010362694,-0.3160621761658031,0.09326424870466321,-0.41968911917098445,0.031088082901554404,-0.48704663212435234,0.0051813471502590676,-0.35233160621761656,0.02072538860103627,-0.30569948186528495
21,1,0.0,0.0,-0.14427860696517414,-0.11442786069651742,-0.24378109452736318,-0.29850746268656714,-0.23880597014925373,-0.4577114427860697,-0.1691542288557214,-0.5572139303482587,-0.18407960199004975,-0.5074626865671642,-0.263681592039801,-0.736318407960199,-0.3034825870646766,-0.8756218905472637,-0.32338308457711445,-1.0,-0.06467661691542288,-0.4925373134328358,-0.12935323383084577,-0.5920398009950248,-0.14925373134328357,-0.43781094527363185,-0.13432835820895522,-0.3383084577114428,0.04975124378109453,-0.44776119402985076,-0.024875621890547265,-0.5024875621890548,-0.04975124378109453,-0.35323383084577115,-0.03980099502487562,-0.2736318407960199,0.16417910447761194,-0.38308457711442784,0.07960199004975124,-0.43283582089552236,0.03482587064676617,-0.31840796019900497,0.03980099502487562,-0.2537313432835821
22,1,0.0,0.0,-0.14761904761904762,-0.10952380952380952,-0.22857142857142856,-0.29523809523809524,-0.2,-0.45714285714285713,-0.1380952380952381,-0.5619047619047619,-0.18095238095238095,-0.5047619047619047,-0.23809523809523808,-0.7380952380952381,-0.2619047619047619,-0.8809523809523809,-0.2761904761904762,-1.0,-0.05714285714285714,-0.4857142857142857,-0.09047619047619047,-0.5857142857142857,-0.11428571428571428,-0.43333333333333335,-0.11904761904761904,-0.3380952380952381,0.05714285714285714,-0.4380952380952381,0.009523809523809525,-0.49047619047619045,-0.02857142857142857,-0.3476190476190476,-0.02857142857142857,-0.2714285714285714,0.1619047619047619,-0.37142857142857144,0.1,-0.4095238095238095,0.05238095238095238,-0.3047619047619048,0.04285714285714286,-0.24761904761904763
23,1,0.0,0.0,-0.15343915343915343,-0.1746031746031746,-0.2328042328042328,-0.3968253968253968,-0.20105820105820105,-0.5873015873015873,-0.13227513227513227,-0.7248677248677249,-0.2275132275132275,-0.5343915343915344,-0.2857142857142857,-0.746031746031746,-0.31746031746031744,-0.8783068783068783,-0.32275132275132273,-1.0,-0.10052910052910052,-0.5238095238095238,-0.1164021164021164,-0.6931216931216931,-0.13227513227513227,-0.5555555555555556,-0.12169312169312169,-0.4603174603174603,0.021164021164021163,-0.48148148148148145,-0.015873015873015872,-0.6031746031746031,-0.042328042328042326,-0.4444444444444444,-0.031746031746031744,-0.36507936507936506,0.13227513227513227,-0.42328042328042326,0.07407407407407407,-0.5185185185185185,0.037037037037037035,-0.4021164021164021,0.047619047619047616,-0.3386243386243386
24,1,0.0,0.0,-0.15254237288135594,-0.1807909604519774,-0.23163841807909605,-0.4124293785310734,-0.192090395480226,-0.6101694915254238,-0.11299435028248588,-0.7401129943502824,-0.24293785310734464,-0.536723163841808,-0.288135593220339,-0.751412429378531,-0.3050847457627119,-0.8813559322033898,-0.3107344632768362,-1.0,-0.10734463276836158,-0.5310734463276836,-0.11299435028248588,-0.6949152542372882,-0.12994350282485875,-0.5649717514124294,-0.12994350282485875,-0.4745762711864407,0.01694915254237288,-0.4915254237288136,0.0,-0.6101694915254238,-0.03389830508474576,-0.4576271186440678,-0.02824858757062147,-0.3785310734463277,0.12994350282485875,-0.4350282485875706,0.0903954802259887,-0.5310734463276836,0.05649717514124294,-0.4180790960451977,0.06779661016949153,-0.3559322033898305
25,1,0.0,0.0,-0.11666666666666667,-0.18888888888888888,-0.16111111111111112,-0.4222222222222222,-0.09444444444444444,-0.6,0.022222222222222223,-0.7,-0.1388888888888889,-0.5333333333333333,-0.15555555555555556,-0.75,-0.15,-0.8833333333333333,-0.13333333333333333,-1.0,-0.016666666666666666,-0.5,0.027777777777777776,-0.65,-0.005555555555555556,-0.5277777777777778,-0.016666666666666666,-0.4222222222222222,0.1,-0.4388888888888889,0.10555555555555556,-0.55,0.05555555555555555,-0.4222222222222222,0.05,-0.34444444444444444,0.2,-0.3611111111111111,0.18333333333333332,-0.46111111111111114,0.12777777777777777,-0.37222222222222223,0.12222222222222222,-0.3055555555555556
26,1,0.0,0.0,-0.07291666666666667,-0.19791666666666666,-0.052083333333333336,-0.421875,0.052083333333333336,-0.5677083333333334,0.17708333333333334,-0.6458333333333334,0.052083333333333336,-0.5416666666666666,0.09895833333333333,-0.7552083333333334,0.13020833333333334,-0.8854166666666666,0.18229166666666666,-1.0,0.15104166666666666,-0.4791666666666667,0.1875,-0.6354166666666666,0.10416666666666667,-0.5052083333333334,0.078125,-0.4010416666666667,0.23958333333333334,-0.3854166666666667,0.23958333333333334,-0.5104166666666666,0.140625,-0.3802083333333333,0.125,-0.3020833333333333,0.3125,-0.2708333333333333,0.2916666666666667,-0.3802083333333333,0.20833333333333334,-0.3020833333333333,0.19270833333333334,-0.24479166666666666
27,1,0.0,0.0,-0.07035175879396985,-0.20100502512562815,-0.05527638190954774,-0.4321608040201005,0.05025125628140704,-0.592964824120603,0.18592964824120603,-0.6683417085427136,0.04020100502512563,-0.5477386934673367,0.09045226130653267,-0.7587939698492462,0.12562814070351758,-0.8894472361809045,0.18090452261306533,-1.0,0.1407035175879397,-0.48743718592964824,0.19597989949748743,-0.628140703517588,0.11055276381909548,-0.5025125628140703,0.08542713567839195,-0.4120603015075377,0.23115577889447236,-0.4020100502512563,0.2613065326633166,-0.5226130653266332,0.1507537688442211,-0.40703517587939697,0.1306532663316583,-0.3316582914572864,0.3065326633165829,-0.2964824120603015,0.2964824120603015,-0.4020100502512563,0.20603015075376885,-0.32663316582914576,0.19095477386934673,-0.2663316582914573
28,1,0.0,0.0,-0.11538461538461539,-0.1778846153846154,-0.16826923076923078,-0.3894230769230769,-0.10576923076923077,-0.5625,0.0,-0.6682692307692307,-0.16346153846153846,-0.5288461538461539,-0.18269230769230768,-0.7548076923076923,-0.18269230769230768,-0.8846153846153846,-0.16346153846153846,-1.0,-0.038461538461538464,-0.5,0.0,-0.6394230769230769,-0.03365384615384615,-0.5048076923076923,-0.028846153846153848,-0.4230769230769231,0.07692307692307693,-0.4423076923076923,0.08173076923076923,-0.5336538461538461,0.03365384615384615,-0.40384615384615385,0.03365384615384615,-0.3557692307692308,0.18269230769230768,-0.3701923076923077,0.15865384615384615,-0.44711538461538464,0.10576923076923077,-0.3557692307692308,0.11057692307692307,-0.3125
29,1,0.0,0.0,-0.12962962962962962,-0.1574074074074074,-0.2037037037037037,-0.375,-0.16203703703703703,-0.5509259259259259,-0.0787037037037037,-0.6712962962962963,-0.21296296296296297,-0.5231481481481481,-0.25,-0.7407407407407407,-0.2638888888888889,-0.8703703703703703,-0.25462962962962965,-1.0,-0.08333333333333333,-0.5,-0.06481481481481481,-0.6481481481481481,-0.09259259259259259,-0.4861111111111111,-0.08333333333333333,-0.4074074074074074,0.037037037037037035,-0.4583333333333333,0.027777777777777776,-0.5555555555555556,-0.013888888888888888,-0.39351851851851855,-0.004629629629629629,-0.3472222222222222,0.14814814814814814,-0.39351851851851855,0.11574074074074074,-0.4675925925925926,0.07407407407407407,-0.35648148148148145,0.08333333333333333,-0.3148148148148148
30,1,0.0,0.0,-0.13679245283018868,-0.14622641509433962,-0.22169811320754718,-0.35377358490566035,-0.21226415094339623,-0.5377358490566038,-0.1320754716981132,-0.6698113207547169,-0.2358490566037736,-0.5141509433962265,-0.2971698113207547,-0.7405660377358491,-0.32075471698113206,-0.8773584905660378,-0.3160377358490566,-1.0,-0.10849056603773585,-0.5,-0.09905660377358491,-0.6509433962264151,-0.10849056603773585,-0.5,-0.09905660377358491,-0.41037735849056606,0.014150943396226415,-0.46226415094339623,0.0047169811320754715,-0.5707547169811321,-0.02358490566037736,-0.41509433962264153,-0.018867924528301886,-0.3490566037735849,0.12735849056603774,-0.4009433962264151,0.09433962264150944,-0.4811320754716981,0.06132075471698113,-0.36792452830188677,0.07075471698113207,-0.3160377358490566
31,1,0.0,0.0,-0.17647058823529413,-0.11764705882352941,-0.29411764705882354,-0.31862745098039214,-0.29411764705882354,-0.5196078431372549,-0.25,-0.6666666666666666,-0.31862745098039214,-0.4950980392156863,-0.4166666666666667,-0.7205882352941176,-0.47058823529411764,-0.8578431372549019,-0.4950980392156863,-1.0,-0.18137254901960784,-0.4950980392156863,-0.20588235294117646,-0.6421568627450981,-0.19607843137254902,-0.47058823529411764,-0.17647058823529413,-0.4019607843137255,-0.04411764705882353,-0.46568627450980393,-0.08823529411764706,-0.5686274509803921,-0.09313725490196079,-0.3872549019607843,-0.07352941176470588,-0.3431372549019608,0.0784313725490196,-0.4264705882352941,0.0196078431372549,-0.4852941176470588,0.004901960784313725,-0.35784313725490197,0.024509803921568627,-0.3235294117647059
32,1,0.0,0.0,-0.16748768472906403,-0.12315270935960591,-0.27586206896551724,-0.3251231527093596,-0.27586206896551724,-0.5221674876847291,-0.22660098522167488,-0.6650246305418719,-0.30049261083743845,-0.4975369458128079,-0.3891625615763547,-0.7241379310344828,-0.43842364532019706,-0.8620689655172413,-0.458128078817734,-1.0,-0.1625615763546798,-0.4975369458128079,-0.1921182266009852,-0.645320197044335,-0.18719211822660098,-0.46798029556650245,-0.1625615763546798,-0.3891625615763547,-0.029556650246305417,-0.46798029556650245,-0.07881773399014778,-0.5615763546798029,-0.08374384236453201,-0.3842364532019704,-0.06403940886699508,-0.33497536945812806,0.09359605911330049,-0.4187192118226601,0.034482758620689655,-0.4729064039408867,0.009852216748768473,-0.3497536945812808,0.034482758620689655,-0.31527093596059114
33,1,0.0,0.0,-0.15270935960591134,-0.11330049261083744,-0.26108374384236455,-0.31527093596059114,-0.2413793103448276,-0.5024630541871922,-0.18719211822660098,-0.6305418719211823,-0.2315270935960591,-0.5073891625615764,-0.3103448275862069,-0.7339901477832512,-0.35467980295566504,-0.8768472906403941,-0.3793103448275862,-1.0,-0.10344827586206896,-0.5024630541871922,-0.1477832512315271,-0.625615763546798,-0.15763546798029557,-0.4482758620689655,-0.14285714285714285,-0.3694581280788177,0.019704433497536946,-0.4630541871921182,-0.034482758620689655,-0.5467980295566502,-0.059113300492610835,-0.37438423645320196,-0.03940886699507389,-0.31527093596059114,0.13793103448275862,-0.4039408866995074,0.06896551724137931,-0.4630541871921182,0.034482758620689655,-0.3399014778325123,0.04926108374384237,-0.2955665024630542
34,1,0.0,0.0,-0.1625615763546798,-0.10837438423645321,-0.2561576354679803,-0.3054187192118227,-0.2315270935960591,-0.4876847290640394,-0.16748768472906403,-0.6059113300492611,-0.2315270935960591,-0.5024630541871922,-0.30049261083743845,-0.7339901477832512,-0.3399014778325123,-0.8768472906403941,-0.3497536945812808,-1.0,-0.10344827586206896,-0.49261083743842365,-0.1330049261083744,-0.6157635467980296,-0.1477832512315271,-0.4433497536945813,-0.14285714285714285,-0.35467980295566504,0.019704433497536946,-0.45320197044334976,-0.019704433497536946,-0.5270935960591133,-0.04926108374384237,-0.35960591133004927,-0.03940886699507389,-0.29064039408866993,0.13793103448275862,-0.39408866995073893,0.08374384236453201,-0.4482758620689655,0.04433497536945813,-0.3251231527093596,0.04433497536945813,-0.27586206896551724
35,1,0.0,0.0,-0.16417910447761194,-0.1044776119402985,-0.25870646766169153,-0.3034825870646766,-0.23383084577114427,-0.48756218905472637,-0.1691542288557214,-0.6019900497512438,-0.22885572139303484,-0.4975124378109453,-0.3034825870646766,-0.7263681592039801,-0.3383084577114428,-0.8706467661691543,-0.35323383084577115,-1.0,-0.09950248756218906,-0.48756218905472637,-0.12935323383084577,-0.6119402985074627,-0.14925373134328357,-0.43781094527363185,-0.13930348258706468,-0.34328358208955223,0.01990049751243781,-0.4527363184079602,-0.009950248756218905,-0.527363184079602,-0.04477611940298507,-0.36318407960199006,-0.04477611940298507,-0.2885572139303483,0.13432835820895522,-0.39303482587064675,0.0945273631840796,-0.44776119402985076,0.04477611940298507,-0.3283582089552239,0.03980099502487562,-0.27860696517412936
36,1,0.0,0.0,-0.19047619047619047,-0.12169312169312169,-0.31746031746031744,-0.328042328042328,-0.31746031746031744,-0.5291005291005291,-0.2698412698412698,-0.671957671957672,-0.3333333333333333,-0.5026455026455027,-0.42857142857142855,-0.7301587301587301,-0.48148148148148145,-0.8677248677248677,-0.5079365079365079,-1.0,-0.19047619047619047,-0.5079365079365079,-0.2275132275132275,-0.6878306878306878,-0.2222222222222222,-0.5026455026455027,-0.19047619047619047,-0.3968253968253968,-0.05291005291005291,-0.48148148148148145,-0.1111111111111111,-0.5873015873015873,-0.1164021164021164,-0.4074074074074074,-0.08994708994708994,-0.3386243386243386,0.08465608465608465,-0.43386243386243384,0.010582010582010581,-0.5026455026455027,-0.010582010582010581,-0.37037037037037035,0.010582010582010581,-0.32275132275132273
37,1,0.0,0.0,-0.17989417989417988,-0.10052910052910052,-0.32275132275132273,-0.31216931216931215,-0.3333333333333333,-0.5185185185185185,-0.291005291005291,-0.671957671957672,-0.3333333333333333,-0.48148148148148145,-0.4497354497354497,-0.7142857142857143,-0.5079365079365079,-0.8571428571428571,-0.5396825396825397,-1.0,-0.19576719576719576,-0.4973544973544973,-0.2275132275132275,-0.6666666666666666,-0.20634920634920634,-0.48148148148148145,-0.1693121693121693,-0.3915343915343915,-0.0582010582010582,-0.48148148148148145,-0.10052910052910052,-0.582010582010582,-0.10052910052910052,-0.3968253968253968,-0.06878306878306878,-0.3333333333333333,0.07936507936507936,-0.43915343915343913,0.021164021164021163,-0.5026455026455027,0.005291005291005291,-0.36507936507936506,0.026455026455026454,-0.32275132275132273
38,1,0.0,0.0,-0.18229166666666666,-0.10416666666666667,-0.3177083333333333,-0.3072916666666667,-0.3333333333333333,-0.5208333333333334,-0.2916666666666667,-0.671875,-0.3333333333333333,-0.4895833333333333,-0.4375,-0.71875,-0.5104166666666666,-0.859375,-0.5416666666666666,-1.0,-0.19270833333333334,-0.5,-0.24479166666666666,-0.65625,-0.22916666666666666,-0.46875,-0.1875,-0.390625,-0.052083333333333336,-0.4791666666666667,-0.11458333333333333,-0.5885416666666666,-0.11458333333333333,-0.3958333333333333,-0.08333333333333333,-0.34375,0.078125,-0.4375,0.005208333333333333,-0.5104166666666666,-0.010416666666666666,-0.3697916666666667,0.020833333333333332,-0.328125
39,1,0.0,0.0,-0.16831683168316833,-0.10396039603960396,-0.2871287128712871,-0.3118811881188119,-0.2722772277227723,-0.5099009900990099,-0.21782178217821782,-0.6534653465346535,-0.26732673267326734,-0.5,-0.3564356435643564,-0.7227722772277227,-0.41089108910891087,-0.8663366336633663,-0.43564356435643564,-1.0,-0.13861386138613863,-0.5,-0.19306930693069307,-0.6485148514851485,-0.19306930693069307,-0.46534653465346537,-0.16336633663366337,-0.38613861386138615,-0.009900990099009901,-0.46534653465346537,-0.07425742574257425,-0.5693069306930693,-0.0891089108910891,-0.37623762376237624,-0.06435643564356436,-0.3217821782178218,0.11386138613861387,-0.41089108910891087,0.034653465346534656,-0.4752475247524752,0.009900990099009901,-0.3415841584158416,0.0297029702970297,-0.297029702970297
40,1,0.0,0.0,-0.15422885572139303,-0.12437810945273632,-0.24875621890547264,-0.3333333333333333,-0.22885572139303484,-0.5223880597014925,-0.1691542288557214,-0.6567164179104478,-0.24378109452736318,-0.4975124378109453,-0.30845771144278605,-0.7263681592039801,-0.3482587064676617,-0.8656716417910447,-0.36318407960199006,-1.0,-0.11442786069651742,-0.4925373134328358,-0.13432835820895522,-0.6616915422885572,-0.13930348258706468,-0.4975124378109453,-0.11940298507462686,-0.39800995024875624,0.009950248756218905,-0.4577114427860697,-0.029850746268656716,-0.5671641791044776,-0.05472636815920398,-0.39800995024875624,-0.03980099502487562,-0.3283582089552239,0.12935323383084577,-0.39800995024875624,0.06467661691542288,-0.46766169154228854,0.03482587064676617,-0.35323383084577115,0.05472636815920398,-0.3034825870646766
41,1,0.0,0.0,-0.14009661835748793,-0.13526570048309178,-0.21739130434782608,-0.33816425120772947,-0.20772946859903382,-0.5217391304347826,-0.14009661835748793,-0.6521739130434783,-0.24154589371980675,-0.5169082125603864,-0.2898550724637681,-0.7342995169082126,-0.3188405797101449,-0.8695652173913043,-0.3188405797101449,-1.0,-0.10628019323671498,-0.5024154589371981,-0.1111111111111111,-0.6473429951690821,-0.12560386473429952,-0.4830917874396135,-0.12077294685990338,-0.40096618357487923,0.01932367149758454,-0.45893719806763283,-0.00966183574879227,-0.5555555555555556,-0.03864734299516908,-0.391304347826087,-0.028985507246376812,-0.34299516908212563,0.13043478260869565,-0.4057971014492754,0.08695652173913043,-0.46859903381642515,0.05314009661835749,-0.34782608695652173,0.06280193236714976,-0.3140096618357488
42,1,0.0,0.0,-0.14,-0.13,-0.22,-0.33,-0.2,-0.515,-0.12,-0.645,-0.23,-0.51,-0.285,-0.735,-0.315,-0.87,-0.31,-1.0,-0.095,-0.495,-0.105,-0.64,-0.125,-0.465,-0.11,-0.4,0.03,-0.45,0.005,-0.545,-0.025,-0.38,-0.01,-0.335,0.15,-0.39,0.105,-0.455,0.07,-0.335,0.08,-0.3
43,1,0.0,0.0,-0.13432835820895522,-0.14427860696517414,-0.21890547263681592,-0.3482587064676617,-0.1890547263681592,-0.5323383084577115,-0.11442786069651742,-0.6616915422885572,-0.22885572139303484,-0.5174129353233831,-0.27860696517412936,-0.736318407960199,-0.3034825870646766,-0.8706467661691543,-0.3034825870646766,-1.0,-0.09950248756218906,-0.5024875621890548,-0.09950248756218906,-0.6567164179104478,-0.11442786069651742,-0.4925373134328358,-0.09950248756218906,-0.4079601990049751,0.029850746268656716,-0.4577114427860697,0.004975124378109453,-0.5572139303482587,-0.024875621890547265,-0.3880597014925373,-0.009950248756218905,-0.3333333333333333,0.14427860696517414,-0.39303482587064675,0.1044776119402985,-0.46766169154228854,0.06965174129353234,-0.3482587064676617,0.07960199004975124,-0.30845771144278605
44,1,0.0,0.0,-0.1330049261083744,-0.15763546798029557,-0.1921182266009852,-0.3694581280788177,-0.14285714285714285,-0.5467980295566502,-0.054187192118226604,-0.6650246305418719,-0.21182266009852216,-0.5221674876847291,-0.24630541871921183,-0.7438423645320197,-0.26108374384236455,-0.8719211822660099,-0.2512315270935961,-1.0,-0.07881773399014778,-0.4975369458128079,-0.054187192118226604,-0.6502463054187192,-0.07881773399014778,-0.4975369458128079,-0.08374384236453201,-0.4039408866995074,0.04433497536945813,-0.4482758620689655,0.03940886699507389,-0.541871921182266,0.0,-0.39408866995073893,0.0049261083743842365,-0.3399014778325123,0.15270935960591134,-0.3793103448275862,0.12315270935960591,-0.45320197044334976,0.08374384236453201,-0.3448275862068966,0.08866995073891626,-0.3054187192118227
45,1,0.0,0.0,-0.11961722488038277,-0.13875598086124402,-0.1722488038277512,-0.3492822966507177,-0.12440191387559808,-0.5215311004784688,-0.03349282296650718,-0.631578947368421,-0.17703349282296652,-0.5215311004784688,-0.20095693779904306,-0.7416267942583732,-0.20574162679425836,-0.8755980861244019,-0.19138755980861244,-1.0,-0.04784688995215311,-0.49282296650717705,-0.023923444976076555,-0.631578947368421,-0.05741626794258373,-0.47368421052631576,-0.05263157894736842,-0.3827751196172249,0.07177033492822966,-0.4354066985645933,0.06220095693779904,-0.5215311004784688,0.014354066985645933,-0.3684210526315789,0.019138755980861243,-0.3157894736842105,0.17703349282296652,-0.36363636363636365,0.14354066985645933,-0.41626794258373206,0.09569377990430622,-0.31100478468899523,0.10526315789473684,-0.2822966507177033
46,1,0.0,0.0,-0.12980769230769232,-0.125,-0.20673076923076922,-0.3269230769230769,-0.18269230769230768,-0.5096153846153846,-0.11057692307692307,-0.6346153846153846,-0.22115384615384615,-0.5048076923076923,-0.2692307692307692,-0.7355769230769231,-0.28846153846153844,-0.8701923076923077,-0.28365384615384615,-1.0,-0.09134615384615384,-0.49038461538461536,-0.08653846153846154,-0.6394230769230769,-0.10576923076923077,-0.47596153846153844,-0.09615384615384616,-0.3894230769230769,0.03365384615384615,-0.44711538461538464,0.014423076923076924,-0.5432692307692307,-0.019230769230769232,-0.38461538461538464,-0.009615384615384616,-0.3269230769230769,0.14903846153846154,-0.38461538461538464,0.11057692307692307,-0.44711538461538464,0.07211538461538461,-0.3317307692307692,0.08173076923076923,-0.2932692307692308
47,1,0.0,0.0,-0.15165876777251186,-0.12322274881516587,-0.24644549763033174,-0.3222748815165877,-0.23222748815165878,-0.5071090047393365,-0.16587677725118483,-0.6350710900473934,-0.24644549763033174,-0.5071090047393365,-0.3175355450236967,-0.7298578199052133,-0.35071090047393366,-0.8720379146919431,-0.35545023696682465,-1.0,-0.11848341232227488,-0.4976303317535545,-0.12796208530805686,-0.6540284360189573,-0.13744075829383887,-0.4834123222748815,-0.12322274881516587,-0.4028436018957346,0.009478672985781991,-0.4597156398104265,-0.018957345971563982,-0.5639810426540285,-0.04739336492890995,-0.3981042654028436,-0.03317535545023697,-0.33649289099526064,0.12796208530805686,-0.3981042654028436,0.07582938388625593,-0.46919431279620855,0.04739336492890995,-0.35071090047393366,0.05687203791469194,-0.3080568720379147
48,1,0.0,0.0,-0.14354066985645933,-0.1291866028708134,-0.23444976076555024,-0.3349282296650718,-0.22488038277511962,-0.5167464114832536,-0.1722488038277512,-0.6507177033492823,-0.24880382775119617,-0.5023923444976076,-0.32057416267942584,-0.7320574162679426,-0.35406698564593303,-0.8660287081339713,-0.36363636363636365,-1.0,-0.11961722488038277,-0.49282296650717705,-0.12440191387559808,-0.6650717703349283,-0.1339712918660287,-0.49760765550239233,-0.11961722488038277,-0.3923444976076555,0.004784688995215311,-0.45454545454545453,-0.019138755980861243,-0.5550239234449761,-0.0430622009569378,-0.3875598086124402,-0.03349282296650718,-0.3253588516746411,0.12440191387559808,-0.39712918660287083,0.08133971291866028,-0.47368421052631576,0.05263157894736842,-0.35406698564593303,0.05741626794258373,-0.3062200956937799
49,1,0.0,0.0,-0.12149532710280374,-0.14018691588785046,-0.18691588785046728,-0.35514018691588783,-0.1542056074766355,-0.5280373831775701,-0.0794392523364486,-0.6542056074766355,-0.18691588785046728,-0.5186915887850467,-0.22429906542056074,-0.7429906542056075,-0.2383177570093458,-0.8738317757009346,-0.22897196261682243,-1.0,-0.06542056074766354,-0.5,-0.056074766355140186,-0.6682242990654206,-0.0794392523364486,-0.5046728971962616,-0.0794392523364486,-0.40186915887850466,0.0514018691588785,-0.4485981308411215,0.03271028037383177,-0.5514018691588785,-0.004672897196261682,-0.3925233644859813,0.0,-0.32710280373831774,0.1588785046728972,-0.37850467289719625,0.11682242990654206,-0.45794392523364486,0.0794392523364486,-0.34579439252336447,0.08878504672897196,-0.29906542056074764
50,1,0.0,0.0,-0.10550458715596331,-0.1651376146788991,-0.14220183486238533,-0.38073394495412843,-0.0779816513761468,-0.555045871559633,0.01834862385321101,-0.6559633027522935,-0.14678899082568808,-0.5321100917431193,-0.14678899082568808,-0.7522935779816514,-0.14220183486238533,-0.8807339449541285,-0.11926605504587157,-1.0,-0.022935779816513763,-0.4954128440366973,0.022935779816513763,-0.6467889908256881,-0.013761467889908258,-0.4908256880733945,-0.027522935779816515,-0.39908256880733944,0.0963302752293578,-0.43577981651376146,0.10091743119266056,-0.5275229357798165,0.05045871559633028,-0.38073394495412843,0.05045871559633028,-0.3165137614678899,0.1926605504587156,-0.3577981651376147,0.17889908256880735,-0.43577981651376146,0.13302752293577982,-0.3348623853211009,0.12844036697247707,-0.2889908256880734
51,1,0.0,0.0,-0.11059907834101383,-0.16129032258064516,-0.1382488479262673,-0.3778801843317972,-0.04608294930875576,-0.5391705069124424,0.05069124423963134,-0.6359447004608295,-0.14285714285714285,-0.5299539170506913,-0.12903225806451613,-0.7511520737327189,-0.11981566820276497,-0.8755760368663594,-0.09216589861751152,-1.0,-0.013824884792626729,-0.48847926267281105,0.03686635944700461,-0.6267281105990783,-0.009216589861751152,-0.47465437788018433,-0.03225806451612903,-0.391705069124424,0.10138248847926268,-0.423963133640553,0.11981566820276497,-0.5161290322580645,0.06451612903225806,-0.3686635944700461,0.05069124423963134,-0.31797235023041476,0.19815668202764977,-0.34101382488479265,0.1889400921658986,-0.41935483870967744,0.1382488479262673,-0.31336405529953915,0.1382488479262673,-0.2764976958525346
52,1,0.0,0.0,-0.10810810810810811,-0.14864864864864866,-0.14414414414414414,-0.35585585585585583,-0.07657657657657657,-0.5135135135135135,0.018018018018018018,-0.6126126126126126,-0.13963963963963963,-0.527027027027027,-0.13963963963963963,-0.7522522522522522,-0.13063063063063063,-0.8873873873873874,-0.1036036036036036,-1.0,-0.013513513513513514,-0.4864864864864865,0.02702702702702703,-0.6171171171171171,-0.018018018018018018,-0.47297297297297297,-0.036036036036036036,-0.38288288288288286,0.0945945945945946,-0.42342342342342343,0.10810810810810811,-0.509009009009009,0.04504504504504504,-0.36936936936936937,0.036036036036036036,-0.3108108108108108,0.19369369369369369,-0.34234234234234234,0.17567567567567569,-0.4099099099099099,0.12162162162162163,-0.3108108108108108,0.11711711711711711,-0.2747747747747748
53,1,0.0,0.0,-0.12217194570135746,-0.14027149321266968,-0.18099547511312217,-0.3393665158371041,-0.13122171945701358,-0.497737556561086,-0.03619909502262444,-0.6018099547511312,-0.16289592760180996,-0.5158371040723982,-0.18099547511312217,-0.746606334841629,-0.18552036199095023,-0.8778280542986425,-0.167420814479638,-1.0,-0.04072398190045249,-0.4841628959276018,-0.01809954751131222,-0.6199095022624435,-0.05429864253393665,-0.4660633484162896,-0.06334841628959276,-0.3755656108597285,0.07692307692307693,-0.4253393665158371,0.07239819004524888,-0.5158371040723982,0.02262443438914027,-0.3665158371040724,0.02262443438914027,-0.3031674208144796,0.18099547511312217,-0.34841628959276016,0.1493212669683258,-0.416289592760181,0.10407239819004525,-0.31221719457013575,0.10407239819004525,-0.27149321266968324
54,1,0.0,0.0,-0.14222222222222222,-0.11555555555555555,-0.2311111111111111,-0.32,-0.20444444444444446,-0.49333333333333335,-0.1288888888888889,-0.6088888888888889,-0.21777777777777776,-0.5066666666666667,-0.26666666666666666,-0.7288888888888889,-0.28888888888888886,-0.8711111111111111,-0.28,-1.0,-0.09333333333333334,-0.4888888888888889,-0.10222222222222223,-0.64,-0.12,-0.4577777777777778,-0.10666666666666667,-0.37333333333333335,0.02666666666666667,-0.4488888888888889,0.0044444444444444444,-0.5466666666666666,-0.02666666666666667,-0.37333333333333335,-0.013333333333333334,-0.31555555555555553,0.14222222222222222,-0.39111111111111113,0.10222222222222223,-0.4622222222222222,0.06222222222222222,-0.3422222222222222,0.07111111111111111,-0.29777777777777775
55,1,0.0,0.0,-0.15,-0.11363636363636363,-0.25,-0.3181818181818182,-0.24545454545454545,-0.5045454545454545,-0.17727272727272728,-0.6318181818181818,-0.24545454545454545,-0.5045454545454545,-0.30454545454545456,-0.7318181818181818,-0.33636363636363636,-0.8681818181818182,-0.33636363636363636,-1.0,-0.11818181818181818,-0.5,-0.1409090909090909,-0.6363636363636364,-0.15,-0.4636363636363636,-0.1318181818181818,-0.38636363636363635,0.004545454545454545,-0.4636363636363636,-0.022727272727272728,-0.5454545454545454,-0.045454545454545456,-0.36818181818181817,-0.031818181818181815,-0.3181818181818182,0.12272727272727273,-0.40454545454545454,0.08181818181818182,-0.4590909090909091,0.045454545454545456,-0.33636363636363636,0.05454545454545454,-0.29545454545454547
56,1,0.0,0.0,-0.15023474178403756,-0.13145539906103287,-0.23943661971830985,-0.3286384976525822,-0.215962441314554,-0.5070422535211268,-0.14084507042253522,-0.6338028169014085,-0.215962441314554,-0.5117370892018779,-0.27699530516431925,-0.7370892018779343,-0.3145539906103286,-0.8685446009389671,-0.3145539906103286,-1.0,-0.09389671361502347,-0.49765258215962443,-0.107981220657277,-0.6384976525821596,-0.13615023474178403,-0.45539906103286387,-0.11267605633802817,-0.38497652582159625,0.028169014084507043,-0.4507042253521127,-0.009389671361502348,-0.5446009389671361,-0.046948356807511735,-0.37089201877934275,-0.023474178403755867,-0.323943661971831,0.15023474178403756,-0.38497652582159625,0.08450704225352113,-0.4460093896713615,0.046948356807511735,-0.3286384976525822,0.06572769953051644,-0.29577464788732394
57,1,0.0,0.0,-0.13425925925925927,-0.1388888888888889,-0.2175925925925926,-0.33796296296296297,-0.19444444444444445,-0.5092592592592593,-0.12037037037037036,-0.6296296296296297,-0.2175925925925926,-0.5138888888888888,-0.27314814814814814,-0.7407407407407407,-0.28703703703703703,-0.875,-0.28703703703703703,-1.0,-0.09722222222222222,-0.5,-0.09259259259259259,-0.6574074074074074,-0.1111111111111111,-0.5,-0.10185185185185185,-0.39814814814814814,0.023148148148148147,-0.4537037037037037,0.0,-0.5462962962962963,-0.032407407407407406,-0.3888888888888889,-0.023148148148148147,-0.32407407407407407,0.13425925925925927,-0.38425925925925924,0.09259259259259259,-0.4583333333333333,0.05555555555555555,-0.35185185185185186,0.06018518518518518,-0.3055555555555556
58,1,0.0,0.0,-0.1152073732718894,-0.14746543778801843,-0.17050691244239632,-0.35944700460829493,-0.11981566820276497,-0.5345622119815668,-0.027649769585253458,-0.6405529953917051,-0.12903225806451613,-0.5207373271889401,-0.14746543778801843,-0.7419354838709677,-0.15668202764976957,-0.8709677419354839,-0.1382488479262673,-1.0,-0.009216589861751152,-0.48847926267281105,-0.004608294930875576,-0.6405529953917051,-0.05069124423963134,-0.47465437788018433,-0.041474654377880185,-0.39631336405529954,0.10138248847926268,-0.42857142857142855,0.08294930875576037,-0.5299539170506913,0.02304147465437788,-0.3686635944700461,0.03225806451612903,-0.31797235023041476,0.19815668202764977,-0.3456221198156682,0.16589861751152074,-0.42857142857142855,0.10599078341013825,-0.31797235023041476,0.1152073732718894,-0.2764976958525346
59,1,0.0,0.0,-0.11312217194570136,-0.14479638009049775,-0.15384615384615385,-0.3665158371040724,-0.09954751131221719,-0.5339366515837104,0.0,-0.6063348416289592,-0.03619909502262444,-0.5248868778280543,-0.03619909502262444,-0.746606334841629,-0.03167420814479638,-0.8868778280542986,-0.004524886877828055,-1.0,0.06787330316742081,-0.4841628959276018,0.04524886877828054,-0.6199095022624435,-0.027149321266968326,-0.4751131221719457,-0.03167420814479638,-0.3755656108597285,0.16289592760180996,-0.4117647058823529,0.11312217194570136,-0.5203619909502263,0.04072398190045249,-0.3755656108597285,0.049773755656108594,-0.2986425339366516,0.25339366515837103,-0.3257918552036199,0.18099547511312217,-0.4072398190045249,0.1085972850678733,-0.31221719457013575,0.11764705882352941,-0.25339366515837103
60,1,0.0,0.0,-0.12,-0.15555555555555556,-0.16444444444444445,-0.37333333333333335,-0.10666666666666667,-0.5466666666666666,-0.008888888888888889,-0.6444444444444445,-0.09333333333333334,-0.5288888888888889,-0.09777777777777778,-0.7466666666666667,-0.09333333333333334,-0.88,-0.06666666666666667,-1.0,0.017777777777777778,-0.4888888888888889,0.03111111111111111,-0.6311111111111111,-0.02666666666666667,-0.4711111111111111,-0.035555555555555556,-0.38222222222222224,0.12,-0.4222222222222222,0.1111111111111111,-0.5244444444444445,0.04,-0.37333333333333335,0.035555555555555556,-0.3022222222222222,0.21333333333333335,-0.3333333333333333,0.18666666666666668,-0.4177777777777778,0.11555555555555555,-0.31555555555555553,0.1111111111111111,-0.26222222222222225
61,1,0.0,0.0,-0.1324200913242009,-0.1552511415525114,-0.1963470319634703,-0.365296803652968,-0.1461187214611872,-0.54337899543379,-0.0547945205479452,-0.6575342465753424,-0.1963470319634703,-0.5251141552511416,-0.228310502283105,-0.7397260273972602,-0.2420091324200913,-0.8721461187214612,-0.228310502283105,-1.0,-0.0684931506849315,-0.4931506849315068,-0.0593607305936073,-0.639269406392694,-0.0867579908675799,-0.4703196347031963,-0.0821917808219178,-0.3881278538812785,0.0547945205479452,-0.4474885844748858,0.0365296803652968,-0.54337899543379,-0.0045662100456621,-0.3789954337899543,0.0091324200913242,-0.3287671232876712,0.1643835616438356,-0.3789954337899543,0.1232876712328767,-0.4520547945205479,0.0821917808219178,-0.3378995433789954,0.091324200913242,-0.3013698630136986
62,1,0.0,0.0,-0.1382488479262673,-0.14746543778801843,-0.21658986175115208,-0.35944700460829493,-0.17511520737327188,-0.5345622119815668,-0.0967741935483871,-0.6543778801843319,-0.22580645161290322,-0.5207373271889401,-0.2672811059907834,-0.7419354838709677,-0.2857142857142857,-0.8755760368663594,-0.271889400921659,-1.0,-0.0967741935483871,-0.5023041474654378,-0.08294930875576037,-0.6543778801843319,-0.10599078341013825,-0.48847926267281105,-0.09216589861751152,-0.4009216589861751,0.027649769585253458,-0.45622119815668205,0.013824884792626729,-0.5576036866359447,-0.02304147465437788,-0.39631336405529954,-0.013824884792626729,-0.34101382488479265,0.14285714285714285,-0.391705069124424,0.10599078341013825,-0.4700460829493088,0.06451612903225806,-0.3548387096774194,0.07373271889400922,-0.31336405529953915
63,1,0.0,0.0,-0.1542056074766355,-0.1261682242990654,-0.24299065420560748,-0.3317757009345794,-0.22429906542056074,-0.5186915887850467,-0.16355140186915887,-0.6542056074766355,-0.2570093457943925,-0.4953271028037383,-0.3177570093457944,-0.7289719626168224,-0.3411214953271028,-0.8691588785046729,-0.3411214953271028,-1.0,-0.12149532710280374,-0.49065420560747663,-0.11682242990654206,-0.6542056074766355,-0.1261682242990654,-0.48598130841121495,-0.12149532710280374,-0.38317757009345793,0.004672897196261682,-0.4485981308411215,-0.009345794392523364,-0.5607476635514018,-0.037383177570093455,-0.397196261682243,-0.03271028037383177,-0.32242990654205606,0.12149532710280374,-0.3878504672897196,0.08878504672897196,-0.46261682242990654,0.0514018691588785,-0.34579439252336447,0.056074766355140186,-0.29906542056074764
64,1,0.0,0.0,-0.1596244131455399,-0.14084507042253522,-0.24413145539906103,-0.3474178403755869,-0.2112676056338028,-0.5352112676056338,-0.14553990610328638,-0.6713615023474179,-0.2676056338028169,-0.5070422535211268,-0.3192488262910798,-0.7276995305164319,-0.3474178403755869,-0.863849765258216,-0.3474178403755869,-1.0,-0.1267605633802817,-0.48826291079812206,-0.13145539906103287,-0.6384976525821596,-0.14084507042253522,-0.4694835680751174,-0.13145539906103287,-0.38967136150234744,0.0,-0.4507042253521127,-0.023474178403755867,-0.5492957746478874,-0.046948356807511735,-0.38497652582159625,-0.03755868544600939,-0.3380281690140845,0.11737089201877934,-0.39906103286384975,0.07042253521126761,-0.4694835680751174,0.04225352112676056,-0.3474178403755869,0.056338028169014086,-0.30985915492957744
65,1,0.0,0.0,-0.1509433962264151,-0.14150943396226415,-0.24056603773584906,-0.3490566037735849,-0.2169811320754717,-0.5377358490566038,-0.14150943396226415,-0.6650943396226415,-0.25943396226415094,-0.5094339622641509,-0.32075471698113206,-0.7311320754716981,-0.3490566037735849,-0.8679245283018868,-0.35377358490566035,-1.0,-0.12264150943396226,-0.49528301886792453,-0.1320754716981132,-0.6556603773584906,-0.14150943396226415,-0.4811320754716981,-0.12735849056603774,-0.3915094339622642,0.0047169811320754715,-0.45754716981132076,-0.02358490566037736,-0.5613207547169812,-0.04716981132075472,-0.3867924528301887,-0.0330188679245283,-0.330188679245283,0.12264150943396226,-0.4009433962264151,0.07547169811320754,-0.47641509433962265,0.04716981132075472,-0.35377358490566035,0.06132075471698113,-0.3113207547169811
66,1,0.0,0.0,-0.12727272727272726,-0.15,-0.18181818181818182,-0.35454545454545455,-0.1318181818181818,-0.5227272727272727,-0.05909090909090909,-0.6409090909090909,-0.15,-0.509090909090909,-0.17272727272727273,-0.7363636363636363,-0.17727272727272728,-0.8772727272727273,-0.16363636363636364,-1.0,-0.031818181818181815,-0.4818181818181818,-0.022727272727272728,-0.6545454545454545,-0.05454545454545454,-0.5045454545454545,-0.05909090909090909,-0.40454545454545454,0.07727272727272727,-0.42727272727272725,0.05454545454545454,-0.5363636363636364,0.00909090909090909,-0.39090909090909093,0.013636363636363636,-0.32272727272727275,0.18181818181818182,-0.35,0.13636363636363635,-0.4318181818181818,0.09090909090909091,-0.33181818181818185,0.09545454545454546,-0.2818181818181818
67,1,0.0,0.0,-0.11061946902654868,-0.15486725663716813,-0.1504424778761062,-0.36283185840707965,-0.09734513274336283,-0.5309734513274337,-0.004424778761061947,-0.6460176991150443,-0.11946902654867257,-0.5265486725663717,-0.13274336283185842,-0.7433628318584071,-0.13274336283185842,-0.8761061946902655,-0.11061946902654868,-1.0,0.0,-0.4823008849557522,0.01327433628318584,-0.6194690265486725,-0.035398230088495575,-0.4646017699115044,-0.035398230088495575,-0.3805309734513274,0.11061946902654868,-0.42035398230088494,0.09734513274336283,-0.5265486725663717,0.03982300884955752,-0.37168141592920356,0.04424778761061947,-0.3141592920353982,0.2079646017699115,-0.3495575221238938,0.168141592920354,-0.42920353982300885,0.11504424778761062,-0.3185840707964602,0.11946902654867257,-0.26991150442477874
68,1,0.0,0.0,-0.11261261261261261,-0.16666666666666666,-0.15315315315315314,-0.3738738738738739,-0.09009009009009009,-0.5405405405405406,0.0045045045045045045,-0.6486486486486487,-0.12162162162162163,-0.5225225225225225,-0.13063063063063063,-0.7477477477477478,-0.13063063063063063,-0.8783783783783784,-0.1036036036036036,-1.0,0.0,-0.4774774774774775,0.02252252252252252,-0.6216216216216216,-0.02702702702702703,-0.46846846846846846,-0.03153153153153153,-0.3783783783783784,0.11261261261261261,-0.4144144144144144,0.1036036036036036,-0.5225225225225225,0.04504504504504504,-0.36486486486486486,0.04504504504504504,-0.2972972972972973,0.21171171171171171,-0.33783783783783783,0.17567567567567569,-0.4189189189189189,0.12162162162162163,-0.3063063063063063,0.12612612612612611,-0.25675675675675674
69,1,0.0,0.0,-0.11210762331838565,-0.16591928251121077,-0.15246636771300448,-0.3811659192825112,-0.08071748878923767,-0.5426008968609866,0.017937219730941704,-0.6412556053811659,-0.1210762331838565,-0.5246636771300448,-0.13004484304932734,-0.7488789237668162,-0.13004484304932734,-0.8789237668161435,-0.1031390134529148,-1.0,0.0,-0.484304932735426,0.02242152466367713,-0.6143497757847534,-0.026905829596412557,-0.45739910313901344,-0.03139013452914798,-0.36771300448430494,0.11210762331838565,-0.4170403587443946,0.1031390134529148,-0.5201793721973094,0.04484304932735426,-0.3632286995515695,0.04484304932735426,-0.29596412556053814,0.21076233183856502,-0.336322869955157,0.17937219730941703,-0.42152466367713004,0.12556053811659193,-0.3094170403587444,0.13004484304932734,-0.2645739910313901
70,1,0.0,0.0,-0.125,-0.15178571428571427,-0.1875,-0.36160714285714285,-0.13839285714285715,-0.53125,-0.05357142857142857,-0.6473214285714286,-0.17410714285714285,-0.5178571428571429,-0.20535714285714285,-0.7455357142857143,-0.21428571428571427,-0.875,-0.20089285714285715,-1.0,-0.05357142857142857,-0.49107142857142855,-0.03571428571428571,-0.6517857142857143,-0.06696428571428571,-0.4955357142857143,-0.0625,-0.4017857142857143,0.06696428571428571,-0.4419642857142857,0.05803571428571429,-0.5491071428571429,0.008928571428571428,-0.39285714285714285,0.013392857142857142,-0.33035714285714285,0.17410714285714285,-0.3705357142857143,0.13839285714285715,-0.45089285714285715,0.08928571428571429,-0.34375,0.09821428571428571,-0.29910714285714285
71,1,0.0,0.0,-0.13333333333333333,-0.13777777777777778,-0.21333333333333335,-0.3333333333333333,-0.19111111111111112,-0.5111111111111111,-0.12,-0.64,-0.22666666666666666,-0.5111111111111111,-0.28,-0.7333333333333333,-0.3022222222222222,-0.8711111111111111,-0.29777777777777775,-1.0,-0.09777777777777778,-0.49333333333333335,-0.08888888888888889,-0.64,-0.1111111111111111,-0.48,-0.10666666666666667,-0.39555555555555555,0.022222222222222223,-0.4488888888888889,0.008888888888888889,-0.5466666666666666,-0.03111111111111111,-0.39111111111111113,-0.02666666666666667,-0.3377777777777778,0.13333333333333333,-0.38666666666666666,0.09777777777777778,-0.4577777777777778,0.057777777777777775,-0.3422222222222222,0.06222222222222222,-0.3022222222222222
72,1,0.0,0.0,-0.13777777777777778,-0.1288888888888889,-0.21777777777777776,-0.3244444444444444,-0.2088888888888889,-0.5066666666666667,-0.14222222222222222,-0.6488888888888888,-0.25333333333333335,-0.5111111111111111,-0.3111111111111111,-0.7288888888888889,-0.3422222222222222,-0.8666666666666667,-0.3422222222222222,-1.0,-0.11555555555555555,-0.49777777777777776,-0.1288888888888889,-0.6444444444444445,-0.14222222222222222,-0.4711111111111111,-0.1288888888888889,-0.39111111111111113,0.013333333333333334,-0.4577777777777778,-0.022222222222222223,-0.5555555555555556,-0.044444444444444446,-0.38666666666666666,-0.03111111111111111,-0.3377777777777778,0.12444444444444444,-0.40444444444444444,0.07555555555555556,-0.4666666666666667,0.044444444444444446,-0.3511111111111111,0.06666666666666667,-0.3111111111111111
73,1,0.0,0.0,-0.13274336283185842,-0.13716814159292035,-0.20353982300884957,-0.34513274336283184,-0.15486725663716813,-0.5176991150442478,-0.08849557522123894,-0.6371681415929203,-0.17699115044247787,-0.5176991150442478,-0.22123893805309736,-0.7345132743362832,-0.24336283185840707,-0.8716814159292036,-0.23893805309734514,-1.0,-0.05309734513274336,-0.4911504424778761,-0.07079646017699115,-0.6415929203539823,-0.10176991150442478,-0.4690265486725664,-0.09292035398230089,-0.38495575221238937,0.06637168141592921,-0.43805309734513276,0.02654867256637168,-0.5398230088495575,-0.017699115044247787,-0.37610619469026546,-0.004424778761061947,-0.3141592920353982,0.17699115044247787,-0.36283185840707965,0.11946902654867257,-0.43805309734513276,0.07079646017699115,-0.3230088495575221,0.07964601769911504,-0.2831858407079646
74,1,0.0,0.0,-0.13537117903930132,-0.12663755458515283,-0.21397379912663755,-0.34497816593886466,-0.18340611353711792,-0.5240174672489083,-0.09170305676855896,-0.6157205240174672,-0.1222707423580786,-0.5240174672489083,-0.15283842794759825,-0.7467248908296943,-0.1703056768558952,-0.8820960698689956,-0.16593886462882096,-1.0,-0.008733624454148471,-0.49344978165938863,-0.039301310043668124,-0.6331877729257642,-0.08733624454148471,-0.4759825327510917,-0.08296943231441048,-0.37117903930131,0.10043668122270742,-0.4410480349344978,0.048034934497816595,-0.5327510917030568,-0.008733624454148471,-0.3799126637554585,0.0,-0.29694323144104806,0.1965065502183406,-0.35807860262008734,0.13537117903930132,-0.4366812227074236,0.07423580786026202,-0.32751091703056767,0.07860262008733625,-0.2663755458515284
75,1,0.0,0.0,-0.13596491228070176,-0.12280701754385964,-0.21052631578947367,-0.34210526315789475,-0.17982456140350878,-0.5219298245614035,-0.09210526315789473,-0.618421052631579,-0.14035087719298245,-0.5219298245614035,-0.17982456140350878,-0.75,-0.20175438596491227,-0.8859649122807017,-0.19736842105263158,-1.0,-0.02631578947368421,-0.5,-0.05701754385964912,-0.6359649122807017,-0.10526315789473684,-0.4824561403508772,-0.10087719298245613,-0.38596491228070173,0.08333333333333333,-0.44298245614035087,0.03508771929824561,-0.5394736842105263,-0.017543859649122806,-0.38596491228070173,-0.008771929824561403,-0.30701754385964913,0.18421052631578946,-0.3684210526315789,0.12280701754385964,-0.44298245614035087,0.06140350877192982,-0.3333333333333333,0.06578947368421052,-0.2719298245614035
76,1,0.0,0.0,-0.12946428571428573,-0.15625,-0.19642857142857142,-0.36607142857142855,-0.16071428571428573,-0.5446428571428571,-0.08035714285714286,-0.65625,-0.21875,-0.5223214285714286,-0.25,-0.75,-0.26339285714285715,-0.875,-0.2544642857142857,-1.0,-0.09375,-0.5,-0.0625,-0.6428571428571429,-0.08482142857142858,-0.4955357142857143,-0.08928571428571429,-0.40625,0.026785714285714284,-0.45089285714285715,0.03125,-0.5401785714285714,-0.004464285714285714,-0.38839285714285715,-0.008928571428571428,-0.33035714285714285,0.13392857142857142,-0.38839285714285715,0.12053571428571429,-0.45982142857142855,0.08035714285714286,-0.35267857142857145,0.07589285714285714,-0.3080357142857143
77,1,0.0,0.0,-0.11607142857142858,-0.16964285714285715,-0.16964285714285715,-0.38392857142857145,-0.11607142857142858,-0.5580357142857143,-0.022321428571428572,-0.6696428571428571,-0.20535714285714285,-0.5267857142857143,-0.21875,-0.75,-0.21875,-0.8794642857142857,-0.20089285714285715,-1.0,-0.07142857142857142,-0.5,-0.026785714285714284,-0.65625,-0.05357142857142857,-0.5,-0.06696428571428571,-0.4017857142857143,0.049107142857142856,-0.44642857142857145,0.0625,-0.5446428571428571,0.022321428571428572,-0.38839285714285715,0.013392857142857142,-0.33035714285714285,0.15178571428571427,-0.375,0.14285714285714285,-0.46875,0.10267857142857142,-0.35714285714285715,0.09821428571428571,-0.3080357142857143
78,1,0.0,0.0,-0.10775862068965517,-0.16379310344827586,-0.13793103448275862,-0.375,-0.06896551724137931,-0.5387931034482759,0.02586206896551724,-0.6379310344827587,-0.08189655172413793,-0.5344827586206896,-0.08189655172413793,-0.75,-0.07758620689655173,-0.8793103448275862,-0.04741379310344827,-1.0,0.034482758620689655,-0.49137931034482757,0.04741379310344827,-0.6293103448275862,-0.01293103448275862,-0.47413793103448276,-0.017241379310344827,-0.40086206896551724,0.13793103448275862,-0.4224137931034483,0.125,-0.5172413793103449,0.05603448275862069,-0.36637931034482757,0.0603448275862069,-0.3146551724137931,0.22844827586206898,-0.33620689655172414,0.19827586206896552,-0.41810344827586204,0.1336206896551724,-0.3146551724137931,0.13793103448275862,-0.27586206896551724
79,1,0.0,0.0,-0.11304347826086956,-0.1608695652173913,-0.14782608695652175,-0.3739130434782609,-0.08695652173913043,-0.5478260869565217,0.004347826086956522,-0.6521739130434783,-0.10869565217391304,-0.5304347826086957,-0.11304347826086956,-0.7478260869565218,-0.10869565217391304,-0.8782608695652174,-0.0782608695652174,-1.0,0.008695652173913044,-0.49130434782608695,0.0391304347826087,-0.6434782608695652,-0.017391304347826087,-0.49130434782608695,-0.021739130434782608,-0.40869565217391307,0.11739130434782609,-0.4260869565217391,0.11304347826086956,-0.5347826086956522,0.04782608695652174,-0.3869565217391304,0.05217391304347826,-0.3347826086956522,0.21304347826086956,-0.34347826086956523,0.1782608695652174,-0.43043478260869567,0.12173913043478261,-0.33043478260869563,0.13043478260869565,-0.28695652173913044
80,1,0.0,0.0,-0.1415525114155251,-0.1643835616438356,-0.2100456621004566,-0.3789954337899543,-0.1643835616438356,-0.5525114155251142,-0.0776255707762557,-0.6712328767123288,-0.2328767123287671,-0.5251141552511416,-0.2694063926940639,-0.7442922374429224,-0.273972602739726,-0.8767123287671232,-0.2648401826484018,-1.0,-0.1004566210045662,-0.5068493150684932,-0.0730593607305936,-0.6666666666666666,-0.0958904109589041,-0.5159817351598174,-0.1004566210045662,-0.4246575342465753,0.0273972602739726,-0.4611872146118721,0.0228310502283105,-0.5570776255707762,-0.0136986301369863,-0.4063926940639269,-0.0136986301369863,-0.3470319634703196,0.1415525114155251,-0.3926940639269406,0.1141552511415525,-0.4794520547945205,0.0776255707762557,-0.365296803652968,0.0776255707762557,-0.319634703196347
81,1,0.0,0.0,-0.14814814814814814,-0.14351851851851852,-0.24537037037037038,-0.35648148148148145,-0.22685185185185186,-0.5370370370370371,-0.1574074074074074,-0.6712962962962963,-0.27314814814814814,-0.5138888888888888,-0.3333333333333333,-0.7361111111111112,-0.35185185185185186,-0.8703703703703703,-0.35185185185185186,-1.0,-0.1388888888888889,-0.5046296296296297,-0.12962962962962962,-0.6527777777777778,-0.1388888888888889,-0.49537037037037035,-0.12962962962962962,-0.41203703703703703,-0.009259259259259259,-0.4722222222222222,-0.023148148148148147,-0.5787037037037037,-0.05092592592592592,-0.4166666666666667,-0.046296296296296294,-0.35648148148148145,0.10648148148148148,-0.4166666666666667,0.07407407407407407,-0.49074074074074076,0.041666666666666664,-0.375,0.046296296296296294,-0.3287037037037037
82,1,0.0,0.0,-0.16203703703703703,-0.1388888888888889,-0.2638888888888889,-0.3425925925925926,-0.25,-0.5324074074074074,-0.18981481481481483,-0.6805555555555556,-0.2916666666666667,-0.5092592592592593,-0.36574074074074076,-0.7314814814814815,-0.39814814814814814,-0.8657407407407407,-0.4074074074074074,-1.0,-0.1527777777777778,-0.5046296296296297,-0.16666666666666666,-0.6527777777777778,-0.16666666666666666,-0.49074074074074076,-0.14351851851851852,-0.4074074074074074,-0.023148148148148147,-0.47685185185185186,-0.05092592592592592,-0.5740740740740741,-0.06944444444444445,-0.4074074074074074,-0.05555555555555555,-0.35185185185185186,0.09259259259259259,-0.42592592592592593,0.041666666666666664,-0.49537037037037035,0.013888888888888888,-0.375,0.032407407407407406,-0.3287037037037037
83,1,0.0,0.0,-0.1574074074074074,-0.13425925925925927,-0.25925925925925924,-0.3425925925925926,-0.25462962962962965,-0.5324074074074074,-0.18981481481481483,-0.6759259259259259,-0.2824074074074074,-0.5092592592592593,-0.35648148148148145,-0.7314814814814815,-0.39814814814814814,-0.8703703703703703,-0.41203703703703703,-1.0,-0.14814814814814814,-0.5046296296296297,-0.1712962962962963,-0.6666666666666666,-0.1712962962962963,-0.5,-0.1527777777777778,-0.4166666666666667,-0.013888888888888888,-0.4722222222222222,-0.05555555555555555,-0.5787037037037037,-0.06944444444444445,-0.4074074074074074,-0.05092592592592592,-0.35648148148148145,0.10185185185185185,-0.4212962962962963,0.05092592592592592,-0.49074074074074076,0.027777777777777776,-0.37037037037037035,0.046296296296296294,-0.3333333333333333
84,1,0.0,0.0,-0.15348837209302327,-0.12558139534883722,-0.25116279069767444,-0.3302325581395349,-0.23255813953488372,-0.5209302325581395,-0.16744186046511628,-0.6558139534883721,-0.26046511627906976,-0.5069767441860465,-0.3302325581395349,-0.7255813953488373,-0.3674418604651163,-0.8651162790697674,-0.3767441860465116,-1.0,-0.12558139534883722,-0.4930232558139535,-0.15348837209302327,-0.6511627906976745,-0.16279069767441862,-0.4744186046511628,-0.13953488372093023,-0.4046511627906977,0.004651162790697674,-0.4604651162790698,-0.04186046511627907,-0.5674418604651162,-0.06046511627906977,-0.39069767441860465,-0.03255813953488372,-0.3488372093023256,0.12558139534883722,-0.40930232558139534,0.06511627906976744,-0.4790697674418605,0.037209302325581395,-0.3581395348837209,0.06511627906976744,-0.32558139534883723
85,1,0.0,0.0,-0.15348837209302327,-0.13488372093023257,-0.24651162790697675,-0.33488372093023255,-0.23255813953488372,-0.5209302325581395,-0.16279069767441862,-0.6558139534883721,-0.26046511627906976,-0.5116279069767442,-0.32558139534883723,-0.7302325581395349,-0.3627906976744186,-0.8651162790697674,-0.37209302325581395,-1.0,-0.12558139534883722,-0.49767441860465117,-0.14418604651162792,-0.641860465116279,-0.15348837209302327,-0.4697674418604651,-0.13488372093023257,-0.3953488372093023,0.004651162790697674,-0.4604651162790698,-0.027906976744186046,-0.5627906976744186,-0.05581395348837209,-0.39069767441860465,-0.04186046511627907,-0.3395348837209302,0.12093023255813953,-0.40930232558139534,0.06976744186046512,-0.4744186046511628,0.037209302325581395,-0.35348837209302325,0.05116279069767442,-0.3116279069767442
86,1,0.0,0.0,-0.1336405529953917,-0.1336405529953917,-0.21658986175115208,-0.33640552995391704,-0.2119815668202765,-0.5207373271889401,-0.14746543778801843,-0.6589861751152074,-0.2534562211981567,-0.511520737327189,-0.31336405529953915,-0.7327188940092166,-0.34101382488479265,-0.8709677419354839,-0.34101382488479265,-1.0,-0.12442396313364056,-0.5023041474654378,-0.11981566820276497,-0.6543778801843319,-0.12903225806451613,-0.48847926267281105,-0.11981566820276497,-0.4147465437788018,0.004608294930875576,-0.46543778801843316,-0.013824884792626729,-0.5529953917050692,-0.03686635944700461,-0.391705069124424,-0.027649769585253458,-0.3548387096774194,0.11981566820276497,-0.4055299539170507,0.08294930875576037,-0.4700460829493088,0.055299539170506916,-0.35944700460829493,0.06451612903225806,-0.3271889400921659
87,1,0.0,0.0,-0.13761467889908258,-0.16055045871559634,-0.20642201834862386,-0.37155963302752293,-0.1651376146788991,-0.5458715596330275,-0.0871559633027523,-0.6605504587155964,-0.22018348623853212,-0.5229357798165137,-0.26146788990825687,-0.7431192660550459,-0.2798165137614679,-0.8715596330275229,-0.2798165137614679,-1.0,-0.0871559633027523,-0.5,-0.08256880733944955,-0.6513761467889908,-0.10091743119266056,-0.48623853211009177,-0.09174311926605505,-0.3944954128440367,0.03669724770642202,-0.4541284403669725,0.01834862385321101,-0.555045871559633,-0.013761467889908258,-0.38990825688073394,-0.0045871559633027525,-0.3302752293577982,0.14678899082568808,-0.3944954128440367,0.10550458715596331,-0.46788990825688076,0.06880733944954129,-0.3532110091743119,0.08256880733944955,-0.3119266055045872
88,1,0.0,0.0,-0.1382488479262673,-0.15207373271889402,-0.20276497695852536,-0.3686635944700461,-0.14746543778801843,-0.5483870967741935,-0.059907834101382486,-0.6682027649769585,-0.20276497695852536,-0.5207373271889401,-0.2350230414746544,-0.7419354838709677,-0.2534562211981567,-0.8709677419354839,-0.24423963133640553,-1.0,-0.06451612903225806,-0.4930875576036866,-0.055299539170506916,-0.6451612903225806,-0.08294930875576037,-0.4700460829493088,-0.07834101382488479,-0.3824884792626728,0.059907834101382486,-0.4423963133640553,0.041474654377880185,-0.543778801843318,0.004608294930875576,-0.37327188940092165,0.009216589861751152,-0.31797235023041476,0.17050691244239632,-0.3778801843317972,0.1336405529953917,-0.45622119815668205,0.08755760368663594,-0.3317972350230415,0.0967741935483871,-0.2903225806451613
89,1,0.0,0.0,-0.1324200913242009,-0.1552511415525114,-0.1963470319634703,-0.365296803652968,-0.1598173515981735,-0.547945205479452,-0.0821917808219178,-0.680365296803653,-0.2146118721461187,-0.5251141552511416,-0.2465753424657534,-0.7351598173515982,-0.2602739726027397,-0.867579908675799,-0.2465753424657534,-1.0,-0.0821917808219178,-0.4977168949771689,-0.0776255707762557,-0.639269406392694,-0.1004566210045662,-0.4748858447488584,-0.091324200913242,-0.4018264840182648,0.0410958904109589,-0.4474885844748858,0.0228310502283105,-0.547945205479452,-0.0136986301369863,-0.3881278538812785,-0.0045662100456621,-0.3470319634703196,0.1506849315068493,-0.3926940639269406,0.1141552511415525,-0.4657534246575342,0.0730593607305936,-0.3424657534246575,0.0867579908675799,-0.3105022831050228
90,1,0.0,0.0,-0.14485981308411214,-0.14485981308411214,-0.22897196261682243,-0.35046728971962615,-0.2102803738317757,-0.5327102803738317,-0.14018691588785046,-0.6635514018691588,-0.2336448598130841,-0.514018691588785,-0.2897196261682243,-0.7429906542056075,-0.3130841121495327,-0.8785046728971962,-0.3130841121495327,-1.0,-0.102803738317757,-0.5046728971962616,-0.09813084112149532,-0.6682242990654206,-0.11214953271028037,-0.5186915887850467,-0.102803738317757,-0.4158878504672897,0.018691588785046728,-0.46261682242990654,0.004672897196261682,-0.5747663551401869,-0.028037383177570093,-0.4205607476635514,-0.028037383177570093,-0.3411214953271028,0.13551401869158877,-0.397196261682243,0.09345794392523364,-0.48130841121495327,0.06074766355140187,-0.3644859813084112,0.06074766355140187,-0.308411214953271
91,1,0.0,0.0,-0.15813953488372093,-0.12558139534883722,-0.2558139534883721,-0.3302325581395349,-0.2372093023255814,-0.5255813953488372,-0.17674418604651163,-0.6651162790697674,-0.26046511627906976,-0.5116279069767442,-0.3302325581395349,-0.7302325581395349,-0.3627906976744186,-0.8651162790697674,-0.3674418604651163,-1.0,-0.12558139534883722,-0.49767441860465117,-0.14418604651162792,-0.6604651162790698,-0.14883720930232558,-0.4883720930232558,-0.13488372093023257,-0.4046511627906977,0.004651162790697674,-0.4604651162790698,-0.03255813953488372,-0.5720930232558139,-0.05581395348837209,-0.3953488372093023,-0.04186046511627907,-0.34418604651162793,0.12093023255813953,-0.40930232558139534,0.06976744186046512,-0.4744186046511628,0.037209302325581395,-0.35348837209302325,0.05116279069767442,-0.3116279069767442
92,1,0.0,0.0,-0.1527777777777778,-0.13425925925925927,-0.24537037037037038,-0.33796296296296297,-0.22685185185185186,-0.5231481481481481,-0.16203703703703703,-0.6574074074074074,-0.25462962962962965,-0.5092592592592593,-0.32407407407407407,-0.7314814814814815,-0.3611111111111111,-0.8657407407407407,-0.37037037037037035,-1.0,-0.125,-0.49537037037037035,-0.14351851851851852,-0.6666666666666666,-0.1527777777777778,-0.49537037037037035,-0.12962962962962962,-0.4074074074074074,0.004629629629629629,-0.4583333333333333,-0.032407407407407406,-0.5740740740740741,-0.06018518518518518,-0.39814814814814814,-0.037037037037037035,-0.3425925925925926,0.125,-0.4027777777777778,0.07407407407407407,-0.48148148148148145,0.037037037037037035,-0.3611111111111111,0.05555555555555555,-0.3194444444444444
93,1,0.0,0.0,-0.13636363636363635,-0.14545454545454545,-0.21363636363636362,-0.36363636363636365,-0.16818181818181818,-0.5454545454545454,-0.08636363636363636,-0.6636363636363637,-0.22272727272727272,-0.5181818181818182,-0.2636363636363636,-0.7454545454545455,-0.2818181818181818,-0.8727272727272727,-0.2818181818181818,-1.0,-0.09090909090909091,-0.5,-0.08181818181818182,-0.6727272727272727,-0.1,-0.5045454545454545,-0.09545454545454546,-0.40454545454545454,0.031818181818181815,-0.45454545454545453,0.01818181818181818,-0.5590909090909091,-0.00909090909090909,-0.39545454545454545,-0.004545454545454545,-0.32727272727272727,0.14545454545454545,-0.38636363636363635,0.11818181818181818,-0.4681818181818182,0.08181818181818182,-0.35454545454545455,0.08636363636363636,-0.3090909090909091
94,1,0.0,0.0,-0.13452914798206278,-0.15246636771300448,-0.2062780269058296,-0.3632286995515695,-0.16143497757847533,-0.547085201793722,-0.08071748878923767,-0.6681614349775785,-0.2242152466367713,-0.5246636771300448,-0.2556053811659193,-0.7443946188340808,-0.26905829596412556,-0.874439461883408,-0.2600896860986547,-1.0,-0.08968609865470852,-0.5022421524663677,-0.07623318385650224,-0.6457399103139013,-0.1031390134529148,-0.4798206278026906,-0.1031390134529148,-0.3991031390134529,0.03587443946188341,-0.452914798206278,0.026905829596412557,-0.5515695067264574,-0.013452914798206279,-0.3901345291479821,-0.008968609865470852,-0.336322869955157,0.15246636771300448,-0.3901345291479821,0.1210762331838565,-0.4618834080717489,0.07623318385650224,-0.3452914798206278,0.08520179372197309,-0.30493273542600896
95,1,0.0,0.0,-0.1409090909090909,-0.15,-0.20454545454545456,-0.35454545454545455,-0.16363636363636364,-0.5318181818181819,-0.09090909090909091,-0.6545454545454545,-0.22272727272727272,-0.5181818181818182,-0.2636363636363636,-0.7363636363636363,-0.2818181818181818,-0.8727272727272727,-0.2772727272727273,-1.0,-0.08636363636363636,-0.4909090909090909,-0.08181818181818182,-0.6545454545454545,-0.10454545454545454,-0.4909090909090909,-0.10454545454545454,-0.4,0.04090909090909091,-0.44545454545454544,0.01818181818181818,-0.5454545454545454,-0.01818181818181818,-0.38636363636363635,-0.00909090909090909,-0.32727272727272727,0.15454545454545454,-0.37727272727272726,0.11363636363636363,-0.45,0.07272727272727272,-0.33636363636363636,0.08181818181818182,-0.29545454545454547
96,1,0.0,0.0,-0.136986301369863,-0.136986301369863,-0.2146118721461187,-0.3378995433789954,-0.1963470319634703,-0.5205479452054794,-0.1324200913242009,-0.6529680365296804,-0.2328767123287671,-0.5205479452054794,-0.2831050228310502,-0.7397260273972602,-0.3105022831050228,-0.8767123287671232,-0.3059360730593607,-1.0,-0.1004566210045662,-0.502283105022831,-0.0958904109589041,-0.6484018264840182,-0.1141552511415525,-0.4931506849315068,-0.1095890410958904,-0.4155251141552511,0.0228310502283105,-0.45662100456621,0.0045662100456621,-0.547945205479452,-0.0273972602739726,-0.3926940639269406,-0.0228310502283105,-0.3470319634703196,0.136986301369863,-0.3972602739726027,0.1004566210045662,-0.4611872146118721,0.0639269406392694,-0.3470319634703196,0.0684931506849315,-0.3105022831050228
97,1,0.0,0.0,-0.14678899082568808,-0.13302752293577982,-0.23853211009174313,-0.3348623853211009,-0.22935779816513763,-0.5275229357798165,-0.16972477064220184,-0.6697247706422018,-0.25229357798165136,-0.5137614678899083,-0.3119266055045872,-0.7293577981651376,-0.3486238532110092,-0.8669724770642202,-0.3532110091743119,-1.0,-0.12385321100917432,-0.5045871559633027,-0.13302752293577982,-0.6559633027522935,-0.14678899082568808,-0.4908256880733945,-0.13302752293577982,-0.41284403669724773,0.0045871559633027525,-0.46788990825688076,-0.022935779816513763,-0.573394495412844,-0.05045871559633028,-0.40825688073394495,-0.04128440366972477,-0.3532110091743119,0.11926605504587157,-0.41284403669724773,0.06880733944954129,-0.481651376146789,0.03669724770642202,-0.3669724770642202,0.05045871559633028,-0.3211009174311927
98,1,0.0,0.0,-0.15492957746478872,-0.13615023474178403,-0.24413145539906103,-0.3427230046948357,-0.22535211267605634,-0.5305164319248826,-0.1596244131455399,-0.6666666666666666,-0.2535211267605634,-0.5117370892018779,-0.3145539906103286,-0.7323943661971831,-0.352112676056338,-0.8685446009389671,-0.3568075117370892,-1.0,-0.12206572769953052,-0.5023474178403756,-0.14084507042253522,-0.6525821596244131,-0.15492957746478872,-0.48826291079812206,-0.13615023474178403,-0.4131455399061033,0.009389671361502348,-0.4647887323943662,-0.028169014084507043,-0.5633802816901409,-0.056338028169014086,-0.39906103286384975,-0.03755868544600939,-0.352112676056338,0.12206572769953052,-0.4084507042253521,0.06572769953051644,-0.47417840375586856,0.03286384976525822,-0.3568075117370892,0.056338028169014086,-0.323943661971831
99,1,0.0,0.0,-0.14418604651162792,-0.14418604651162792,-0.23255813953488372,-0.35348837209302325,-0.20930232558139536,-0.5395348837209303,-0.13488372093023257,-0.6744186046511628,-0.2372093023255814,-0.5162790697674419,-0.3023255813953488,-0.7395348837209302,-0.3302325581395349,-0.8744186046511628,-0.33488372093023255,-1.0,-0.11162790697674418,-0.5023255813953489,-0.12093023255813953,-0.6558139534883721,-0.13023255813953488,-0.4883720930232558,-0.11162790697674418,-0.4046511627906977,0.013953488372093023,-0.46511627906976744,-0.018604651162790697,-0.5720930232558139,-0.04186046511627907,-0.4046511627906977,-0.023255813953488372,-0.34418604651162793,0.12558139534883722,-0.40930232558139534,0.07906976744186046,-0.48372093023255813,0.046511627906976744,-0.3674418604651163,0.06046511627906977,-0.32558139534883723
100,1,0.0,0.0,-0.15492957746478872,-0.1596244131455399,-0.2300469483568075,-0.3615023474178404,-0.18779342723004694,-0.5446009389671361,-0.107981220657277,-0.6713615023474179,-0.24413145539906103,-0.5258215962441315,-0.2863849765258216,-0.7370892018779343,-0.3145539906103286,-0.8685446009389671,-0.3051643192488263,-1.0,-0.10328638497652583,-0.49295774647887325,-0.10328638497652583,-0.6572769953051644,-0.1267605633802817,-0.4835680751173709,-0.11737089201877934,-0.39906103286384975,0.028169014084507043,-0.4507042253521127,0.0,-0.5586854460093896,-0.028169014084507043,-0.38967136150234744,-0.018779342723004695,-0.3474178403755869,0.14553990610328638,-0.39906103286384975,0.09389671361502347,-0.47417840375586856,0.06103286384976526,-0.352112676056338,0.07981220657276995,-0.3192488262910798
